Py,C,Scipy
0.297324331887512,0.04677137951248369,0.0008791067626589211
